BEGIN TRANSACTION;CREATE TABLE allowed_starts (
	id INTEGER NOT NULL, 
	address VARCHAR(128), 
	latitude FLOAT, 
	longitude FLOAT, 
	PRIMARY KEY (id)
);INSERT INTO "allowed_starts" VALUES(707196,'Lerbakken 21, Følle',56.308,10.4504);INSERT INTO "allowed_starts" VALUES(711799,'Djursland',58.9357,15.6568);INSERT INTO "allowed_starts" VALUES(711927,'Tingvej 17, Hornslet',56.3167,10.3162);INSERT INTO "allowed_starts" VALUES(712261,'Tingvej 22, Hornslet',56.3182,10.3165);INSERT INTO "allowed_starts" VALUES(712265,'Søhusvej 8, Ebeltoft',56.1792,10.6781);INSERT INTO "allowed_starts" VALUES(712266,'Lyngevej 3, 8420 Knebel',56.214,10.4885);INSERT INTO "allowed_starts" VALUES(712267,'Århusvej 35, 8400 Ebeltoft (Tirstrup)',56.3023,10.6841);INSERT INTO "allowed_starts" VALUES(712268,'Bugtrupvej 27, Kolind',56.361,10.581);INSERT INTO "allowed_starts" VALUES(712269,'Nordre Ringvej 9, Ryomgård',56.3872,10.5046);INSERT INTO "allowed_starts" VALUES(712270,'Skoletoften 17, 8420 Knebel',56.2118,10.488);INSERT INTO "allowed_starts" VALUES(712274,'Hovedgaden 75, Rønde (Byens Hus)',56.3018,10.4698);INSERT INTO "allowed_starts" VALUES(712275,'Vestergade 9, Balle',56.3177,10.806);INSERT INTO "allowed_starts" VALUES(712276,'Skolevej 19, Mørke',56.333,10.3816);INSERT INTO "allowed_starts" VALUES(712277,'Nørreport 4G, Ebeltoft',56.2023,10.6823);INSERT INTO "allowed_starts" VALUES(712280,'Lundbergsvej 2, 8400 Ebeltoft',56.179,10.675);INSERT INTO "allowed_starts" VALUES(712910,'Dalgårdsvej 2A, 8410 Rønde (Thorsager)',56.3436,10.4527);INSERT INTO "allowed_starts" VALUES(712915,'Maarupvej 5, 8560 Kolind',56.3604,10.5935);INSERT INTO "allowed_starts" VALUES(712946,'Rosenholmvej 1, 8543 Hornslet',56.3153,10.3209);INSERT INTO "allowed_starts" VALUES(712947,'Maarupvej 3, 8560 Kolind',56.3611,10.5939);INSERT INTO "allowed_starts" VALUES(712948,'Alpedalen 14, 8543 Hornslet',56.3238,10.3187);INSERT INTO "allowed_starts" VALUES(713033,'Lerbakken 1, Følle, 8410 Rønde',56.3092,10.447);INSERT INTO "allowed_starts" VALUES(713037,'Hovedgaden 61, 8410 Rønde',56.3011,10.4735);INSERT INTO "allowed_starts" VALUES(713039,'Rodskovvej 10, 8543 Hornslet',56.3138,10.326);INSERT INTO "allowed_starts" VALUES(713805,'Vestergade 116, 8550 Ryomgaard',56.3832,10.4805);INSERT INTO "allowed_starts" VALUES(713807,'Randersvej 85, 8544 Mørke',56.3393,10.3736);INSERT INTO "allowed_starts" VALUES(713809,'Tendrup Møllevej 154, Hornslet',56.3164,10.3052);INSERT INTO "allowed_starts" VALUES(713810,'Tendrup Møllevej 115, 8543 Hornslet',56.3173,10.3058);INSERT INTO "allowed_starts" VALUES(713811,'Gransvinget 67, 8400 Ebeltoft',56.1786,10.6838);INSERT INTO "allowed_starts" VALUES(713812,'Gråskegårdevej 2B, Tirstrup, 8400 Ebeltoft',56.2975,10.6849);INSERT INTO "allowed_starts" VALUES(713876,'Lindebo 11, 8544 Mørke',56.3333,10.3815);INSERT INTO "allowed_starts" VALUES(713878,'Kløvevej 1, Skørring, 8544 Mørke',56.3643,10.2704);INSERT INTO "allowed_starts" VALUES(714028,'Bugtrupvej 35, 8560 Kolind',56.3615,10.5876);INSERT INTO "allowed_starts" VALUES(714031,'Skolevej 1, 8550 Ryomgård',56.3947,10.4152);INSERT INTO "allowed_starts" VALUES(714052,'Dyrhøjvej 9, Tøstrup, 8581 Nimtofte',56.4004,10.6507);INSERT INTO "allowed_starts" VALUES(714055,'Nattergalevej 1, 8410 Rønde',56.3043,10.4637);INSERT INTO "allowed_starts" VALUES(714056,'Strandgårdshøj 48, 8400 Ebeltoft',56.208,10.6815);INSERT INTO "allowed_starts" VALUES(715193,'Nimtoftevej 12-14, 8550 Ryomgård',56.3888,10.5118);INSERT INTO "allowed_starts" VALUES(726466,'Marienhoff 11, 8550 Ryomgård',56.3911,10.5016);INSERT INTO "allowed_starts" VALUES(726470,'Falcksvej 4, 8400 Ebeltoft',56.1909,10.6706);INSERT INTO "allowed_starts" VALUES(733184,'Hovedgaden 77, 8410 Rønde',56.3017,10.4698);INSERT INTO "allowed_starts" VALUES(740115,'Nørreport sygeplejen',56.2022,10.6817);INSERT INTO "allowed_starts" VALUES(743464,'Skolevej 7,  8400 Ebeltoft',56.1968,10.6834);INSERT INTO "allowed_starts" VALUES(743583,'Skolevangen 8 8543 Hornslet',56.3158,10.3166);INSERT INTO "allowed_starts" VALUES(745209,'Tingvej 22 Hornslet Borgerteam',56.3181,10.3177);INSERT INTO "allowed_starts" VALUES(751663,'Lyngevej 7 8420 Knebel',56.2142,10.4904);INSERT INTO "allowed_starts" VALUES(753480,'Kirkevej 13 8544 Mørke',56.3335,10.3766);INSERT INTO "allowed_starts" VALUES(761297,'Østeralle 17 8400 Ebeltoft',56.1947,10.6818);CREATE TABLE cars (
	id INTEGER NOT NULL, 
	plate VARCHAR(128), 
	make VARCHAR(128), 
	model VARCHAR(128), 
	type INTEGER, 
	fuel INTEGER, 
	wltp_fossil FLOAT, 
	wltp_el FLOAT, 
	capacity_decrease FLOAT, 
	co2_pr_km FLOAT, 
	range FLOAT, 
	omkostning_aar FLOAT, 
	location INTEGER, 
	start_leasing DATETIME, 
	end_leasing DATETIME, 
	leasing_type INTEGER, 
	km_aar FLOAT,
	sleep INTEGER,
	PRIMARY KEY (id),
	FOREIGN KEY(type) REFERENCES vehicle_types (id), 
	FOREIGN KEY(fuel) REFERENCES fuel_types (id), 
	FOREIGN KEY(location) REFERENCES allowed_starts (id), 
	FOREIGN KEY(leasing_type) REFERENCES leasing_types (id)
);

INSERT INTO "cars" VALUES(196864,'CS78469','Cykel','Kildemoes',1,NULL,NULL,NULL,NULL,0,30.0,43395.0,711927,'2020-09-02 00:00:00','2024-09-01 00:00:00',1,30000.0,NULL);
INSERT INTO "cars" VALUES(196865,'CS78469','Toyota','Yaris',4,1,29.7,NULL,NULL,84.0,9999.0,43395.0,711927,'2020-09-02 00:00:00','2024-09-01 00:00:00',1,30000.0,NULL);
INSERT INTO "cars" VALUES(166865,'CS78460','Toyota','Yaris',4,1,29.7,NULL,NULL,84.0,9999.0,43395.0,711927,'2020-09-02 00:00:00','2024-09-01 00:00:00',1,30000.0,NULL);
INSERT INTO "cars" VALUES(282074,'CN90126','Toyota','Yaris',4,1,29.7,NULL,NULL,84.0,9999.0,42291.0,711927,'2020-01-02 00:00:00','2024-01-01 00:00:00',1,30000.0,NULL);
INSERT INTO "cars" VALUES(282076,'CS78492','Toyota','Yaris',4,1,29.7,NULL,NULL,84.0,9999.0,44948.0,711927,'2020-09-02 00:00:00','2024-09-01 00:00:00',1,30000.0,NULL);
INSERT INTO "cars" VALUES(282084,'CE10011','Toyota','Yaris',4,1,29.7,NULL,NULL,84.0,9999.0,33666.0,711927,'2019-02-02 00:00:00','2023-02-01 00:00:00',1,10000.0,NULL);
INSERT INTO "cars" VALUES(282107,'CS78468','Toyota','Yaris',4,1,29.7,NULL,NULL,84.0,9999.0,44165.0,711927,'2020-09-02 00:00:00','2024-09-01 00:00:00',1,30000.0,NULL);
INSERT INTO "cars" VALUES(282112,'CS78466','Toyota','Yaris',4,1,29.7,NULL,NULL,84.0,9999.0,43551.0,711927,'2020-09-02 00:00:00','2024-09-01 00:00:00',1,30000.0,NULL);
INSERT INTO "cars" VALUES(282120,'DC63556','Toyota','Yaris',4,1,29.7,NULL,NULL,84.0,9999.0,43420.0,711927,'2020-07-13 00:00:00','2024-07-12 00:00:00',1,30000.0,NULL);
INSERT INTO "cars" VALUES(285501,'CS78495','Toyota','Yaris',4,1,29.7,NULL,NULL,84.0,9999.0,44631.0,711927,'2020-09-02 00:00:00','2024-09-01 00:00:00',1,30000.0,NULL);
INSERT INTO "cars" VALUES(287931,'CH57808','Toyota','Yaris  ',4,1,30.3,NULL,NULL,75.0,9999.0,43156.0,711927,'2019-07-02 00:00:00','2023-07-01 00:00:00',1,30000.0,NULL);
INSERT INTO "cars" VALUES(288147,'BE58344','Toyota','Yaris  ',4,1,30.3,NULL,NULL,75.0,9999.0,25473.0,711927,'2018-03-02 00:00:00','2022-03-01 00:00:00',1,20000.0,NULL);
INSERT INTO "cars" VALUES(288474,'AC25379','Citroën','Jumpy',4,2,15.6,NULL,NULL,168.0,9999.0,19577.0,711927,'1970-01-01 00:00:00','1970-01-01 00:00:00',3,999999.0,NULL);
INSERT INTO "cars" VALUES(349217,'CS78470','Toyota','Yaris',4,1,29.7,NULL,NULL,84.0,9999.0,43398.0,711927,'2020-09-02 00:00:00','2024-09-01 00:00:00',1,30000.0,NULL);
INSERT INTO "cars" VALUES(387513,'DG22856','Renault','Zoe',3,3,NULL,165.0,75.0,0.0,312.0,48503.0,711927,'2022-03-01 00:00:00','2026-02-28 00:00:00',2,15000.0,NULL);

CREATE TABLE fuel_types (
	id INTEGER NOT NULL, 
	name VARCHAR(128), 
	refers_to INTEGER, 
	PRIMARY KEY (id)
);INSERT INTO "fuel_types" VALUES(1,'benzin',1);INSERT INTO "fuel_types" VALUES(2,'diesel',2);INSERT INTO "fuel_types" VALUES(3,'el',3);INSERT INTO "fuel_types" VALUES(4,'hybrid',1);INSERT INTO "fuel_types" VALUES(5,'plugin hybrid benzin',1);INSERT INTO "fuel_types" VALUES(6,'plugin hybrid diesel',2);INSERT INTO "fuel_types" VALUES(7,'electric3',3);INSERT INTO "fuel_types" VALUES(8,'electric',3);INSERT INTO "fuel_types" VALUES(9,'petrol',1);CREATE TABLE leasing_types (
	id INTEGER NOT NULL, 
	name VARCHAR(128), 
	PRIMARY KEY (id)
);INSERT INTO "leasing_types" VALUES(1,'operationel');INSERT INTO "leasing_types" VALUES(2,'finansiel');INSERT INTO "leasing_types" VALUES(3,'ejet');CREATE TABLE roundtrips (
	id INTEGER NOT NULL, 
	start_time DATETIME, 
	end_time DATETIME, 
	start_latitude FLOAT, 
	start_longitude FLOAT, 
	end_latitude FLOAT, 
	end_longitude FLOAT, 
	distance FLOAT, 
	car_id INTEGER, 
	driver_name VARCHAR(128), 
	start_location_id INTEGER, 
	PRIMARY KEY (id), 
	FOREIGN KEY(car_id) REFERENCES cars (id), 
	FOREIGN KEY(start_location_id) REFERENCES allowed_starts (id)
);INSERT INTO "roundtrips" VALUES(61864,'2020-08-14 12:49:48','2020-08-19 12:32:42',56.317,10.3159,56.3168,10.3153,63.415,196865,'',711927);INSERT INTO "roundtrips" VALUES(61860,'2020-08-14 23:49:48','2020-08-15 12:32:42',56.317,10.3159,56.3168,10.3153,63.415,196865,'',711927);INSERT INTO "roundtrips" VALUES(61865,'2020-08-19 12:34:35','2020-08-20 09:35:50',56.3168,10.3153,56.3164,10.3166,13.592,196865,'',711927);INSERT INTO "roundtrips" VALUES(61866,'2020-08-20 12:01:49','2020-08-20 15:02:33',56.3164,10.3166,56.3164,10.3166,45.34,196865,'',711927);INSERT INTO "roundtrips" VALUES(61867,'2020-08-24 08:31:49','2020-08-24 13:37:10',56.3164,10.3166,56.3164,10.3167,45.84,196865,'',711927);INSERT INTO "roundtrips" VALUES(61868,'2020-08-25 08:32:43','2020-08-25 11:28:22',56.3164,10.3167,56.3164,10.3166,12.61,196865,'',711927);INSERT INTO "roundtrips" VALUES(61869,'2020-08-26 08:39:14','2020-08-26 13:18:28',56.3164,10.3166,56.3164,10.3165,64.251,196865,'',711927);INSERT INTO "roundtrips" VALUES(61870,'2020-08-27 07:50:57','2020-08-27 10:48:55',56.3164,10.3165,56.3164,10.3165,34.861,196865,'',711927);INSERT INTO "roundtrips" VALUES(61871,'2020-08-31 10:59:48','2020-08-31 15:39:59',56.3164,10.3165,56.3164,10.3165,22.946,196865,'',711927);INSERT INTO "roundtrips" VALUES(61872,'2020-09-02 08:27:23','2020-09-02 13:33:18',56.3164,10.3165,56.3164,10.3167,77.811,196865,'',711927);INSERT INTO "roundtrips" VALUES(61873,'2020-09-03 09:06:51','2020-09-03 16:28:37',56.3164,10.3167,56.3164,10.3166,75.801,196865,'',711927);INSERT INTO "roundtrips" VALUES(61874,'2020-09-07 07:54:25','2020-09-07 09:24:22',56.3164,10.3166,56.3164,10.3166,11.155,196865,'',711927);INSERT INTO "roundtrips" VALUES(61875,'2020-09-07 13:01:02','2020-09-07 16:14:08',56.3164,10.3166,56.3163,10.3167,67.613,196865,'',711927);INSERT INTO "roundtrips" VALUES(61876,'2020-09-08 13:36:09','2020-09-08 14:39:08',56.3163,10.3167,56.3163,10.3167,11.855,196865,'',711927);INSERT INTO "roundtrips" VALUES(61877,'2020-09-09 12:15:15','2020-09-09 13:07:07',56.3163,10.3167,56.317,10.3156,2.592,196865,'',711927);INSERT INTO "roundtrips" VALUES(61878,'2020-09-09 13:27:16','2020-09-10 09:19:53',56.317,10.3156,56.3164,10.3166,17.701,196865,'',711927);INSERT INTO "roundtrips" VALUES(61879,'2020-09-11 09:11:25','2020-09-11 10:49:22',56.3164,10.3166,56.3165,10.3166,2.17,196865,'',711927);INSERT INTO "roundtrips" VALUES(61880,'2020-09-11 12:56:56','2020-09-11 13:59:25',56.3165,10.3166,56.3164,10.3167,1.833,196865,'',711927);INSERT INTO "roundtrips" VALUES(61881,'2020-09-14 12:11:49','2020-09-14 14:42:49',56.3164,10.3167,56.3164,10.3166,13.63,196865,'',711927);INSERT INTO "roundtrips" VALUES(61882,'2020-09-15 09:35:13','2020-09-15 11:27:56',56.3164,10.3166,56.3164,10.3166,25.134,196865,'',711927);INSERT INTO "roundtrips" VALUES(61883,'2020-09-16 10:18:35','2020-09-16 11:48:23',56.3164,10.3166,56.3164,10.3166,12.989,196865,'',711927);INSERT INTO "roundtrips" VALUES(61884,'2020-09-17 07:40:06','2020-09-17 12:41:25',56.3164,10.3166,56.3165,10.3164,48.276,196865,'',711927);INSERT INTO "roundtrips" VALUES(61885,'2020-09-17 14:04:20','2020-09-18 08:25:59',56.3165,10.3164,56.3163,10.3167,46.552,196865,'',711927);INSERT INTO "roundtrips" VALUES(61886,'2020-09-21 12:49:57','2020-09-21 13:49:27',56.3163,10.3167,56.3166,10.3166,2.749,196865,'',711927);INSERT INTO "roundtrips" VALUES(61887,'2020-09-22 10:01:54','2020-09-22 12:33:56',56.3166,10.3166,56.3166,10.3165,25.035,196865,'',711927);INSERT INTO "roundtrips" VALUES(61888,'2020-09-22 13:22:47','2020-09-22 15:04:48',56.3166,10.3165,56.3164,10.3169,59.551,196865,'',711927);INSERT INTO "roundtrips" VALUES(61889,'2020-09-23 09:45:24','2020-09-23 11:48:49',56.3164,10.3169,56.3164,10.3166,12.059,196865,'',711927);INSERT INTO "roundtrips" VALUES(61890,'2020-09-28 13:02:10','2020-09-28 15:24:46',56.3164,10.3166,56.3165,10.3167,33.843,196865,'',711927);INSERT INTO "roundtrips" VALUES(61891,'2020-09-29 07:50:12','2020-09-29 15:54:47',56.3165,10.3167,56.3164,10.3167,45.419,196865,'',711927);INSERT INTO "roundtrips" VALUES(61892,'2020-09-30 12:07:40','2020-09-30 14:32:22',56.3164,10.3167,56.3164,10.3166,36.31,196865,'',711927);INSERT INTO "roundtrips" VALUES(61893,'2020-10-01 08:34:34','2020-10-01 16:12:54',56.3164,10.3166,56.3164,10.3166,38.37,196865,'',711927);INSERT INTO "roundtrips" VALUES(61894,'2020-10-02 08:41:55','2020-10-05 09:09:44',56.3164,10.3166,56.3164,10.3166,73.93,196865,'',711927);INSERT INTO "roundtrips" VALUES(61895,'2020-10-05 12:22:50','2020-10-05 15:25:12',56.3164,10.3166,56.3164,10.3166,36.648,196865,'',711927);INSERT INTO "roundtrips" VALUES(61896,'2020-10-06 08:29:12','2020-10-06 12:36:35',56.3164,10.3166,56.3166,10.3165,39.033,196865,'',711927);INSERT INTO "roundtrips" VALUES(61897,'2020-10-06 13:32:16','2020-10-06 15:49:51',56.3166,10.3165,56.3166,10.3165,77.054,196865,'',711927);INSERT INTO "roundtrips" VALUES(61898,'2020-10-07 08:32:12','2020-10-07 11:56:39',56.3166,10.3165,56.3164,10.3166,15.536,196865,'',711927);INSERT INTO "roundtrips" VALUES(61899,'2020-10-07 13:50:00','2020-10-07 15:43:04',56.3164,10.3166,56.3164,10.3167,12.844,196865,'',711927);INSERT INTO "roundtrips" VALUES(61900,'2020-10-08 08:16:20','2020-10-08 14:55:10',56.3164,10.3167,56.3164,10.3166,72.516,196865,'',711927);INSERT INTO "roundtrips" VALUES(61901,'2020-10-19 07:48:43','2020-10-19 11:19:00',56.3164,10.3166,56.3165,10.3166,24.452,196865,'',711927);INSERT INTO "roundtrips" VALUES(61902,'2020-10-21 08:31:40','2020-10-21 11:37:14',56.3165,10.3166,56.3164,10.3166,46.461,196865,'',711927);INSERT INTO "roundtrips" VALUES(61903,'2020-10-21 12:08:05','2020-10-21 14:05:30',56.3164,10.3166,56.3163,10.3166,10.154,196865,'',711927);INSERT INTO "roundtrips" VALUES(61904,'2020-10-22 10:28:06','2020-10-22 12:20:25',56.3163,10.3166,56.3165,10.3166,12.217,196865,'',711927);INSERT INTO "roundtrips" VALUES(61905,'2020-10-22 12:39:36','2020-10-22 14:14:53',56.3165,10.3166,56.3165,10.3167,2.699,196865,'',711927);INSERT INTO "roundtrips" VALUES(61906,'2020-10-26 10:28:18','2020-10-26 16:16:36',56.3165,10.3167,56.3163,10.3167,29.149,196865,'',711927);INSERT INTO "roundtrips" VALUES(61907,'2020-10-27 07:14:18','2020-10-27 12:15:47',56.3163,10.3167,56.3165,10.3166,51.433,196865,'',711927);INSERT INTO "roundtrips" VALUES(61908,'2020-10-28 08:32:29','2020-10-28 11:42:01',56.3165,10.3166,56.3165,10.3166,24.996,196865,'',711927);INSERT INTO "roundtrips" VALUES(61909,'2020-10-28 14:14:28','2020-10-28 16:00:13',56.3165,10.3166,56.3164,10.3167,15.675,196865,'',711927);INSERT INTO "roundtrips" VALUES(61910,'2020-10-29 08:20:39','2020-10-29 13:39:42',56.3164,10.3167,56.3164,10.3166,68.08,196865,'',711927);INSERT INTO "roundtrips" VALUES(61911,'2020-11-02 12:39:35','2020-11-02 15:15:22',56.3164,10.3166,56.3165,10.3167,57.653,196865,'',711927);INSERT INTO "roundtrips" VALUES(61912,'2020-11-03 07:42:57','2020-11-03 14:07:19',56.3165,10.3167,56.3165,10.3164,48.745,196865,'',711927);INSERT INTO "roundtrips" VALUES(61913,'2020-11-03 14:10:24','2020-11-04 10:03:24',56.3165,10.3164,56.3164,10.3168,3.15,196865,'',711927);CREATE TABLE trips (
	id INTEGER NOT NULL, 
	car_id INTEGER, 
	distance FLOAT, 
	start_time DATETIME, 
	end_time DATETIME, 
	start_latitude FLOAT, 
	start_longitude FLOAT, 
	end_latitude FLOAT, 
	end_longitude FLOAT, 
	driver_name VARCHAR(128), 
	department VARCHAR(128), 
	start_location INTEGER, 
	PRIMARY KEY (id), 
	FOREIGN KEY(car_id) REFERENCES cars (id), 
	FOREIGN KEY(start_location) REFERENCES allowed_starts (id)
);CREATE TABLE vehicle_types (
	id INTEGER NOT NULL, 
	name VARCHAR(128), 
	refers_to INTEGER, 
	PRIMARY KEY (id)
);INSERT INTO "vehicle_types" VALUES(1,'cykel',1);INSERT INTO "vehicle_types" VALUES(2,'elcykel',2);INSERT INTO "vehicle_types" VALUES(3,'elbil',3);INSERT INTO "vehicle_types" VALUES(4,'fossilbil',4);CREATE INDEX ix_trips_start_time ON trips (start_time);CREATE INDEX ix_trips_car_id ON trips (car_id);CREATE INDEX ix_trips_end_time ON trips (end_time);CREATE INDEX ix_roundtrips_end_time ON roundtrips (end_time);CREATE INDEX ix_roundtrips_car_id ON roundtrips (car_id);CREATE INDEX ix_roundtrips_start_time ON roundtrips (start_time);COMMIT;